Employee ID,DOB,DOJ,Department_ID
IU196557,23/2/1983,31/10/2009,IDEPT4938
IU449901,2/9/1985,7/6/2009,IDEPT2357
IU206427,30/7/1971,9/5/2008,IDEPT4670
IU688905,20/7/1973,17/1/2002,IDEPT2601
IU634582,16/11/1991,13/2/2000,IDEPT7626
IU138624,18/5/1979,27/9/2006,IDEPT3778
IU932068,12/7/1985,4/5/2013,IDEPT4132
IU572796,14/1/1978,3/1/2008,IDEPT1142
IU134670,15/12/1980,15/1/2002,IDEPT7626
IU393717,3/4/1973,18/8/2009,IDEPT1825
IU175125,13/7/1985,17/10/2001,IDEPT1615
IU232618,12/2/1979,3/2/2012,IDEPT2601
IU760609,20/4/1983,1/1/2006,IDEPT1537
IU508242,5/4/1988,12/8/1999,IDEPT5109
IU240338,21/3/1994,16/2/2011,IDEPT5881
IU826824,22/5/1988,23/9/2007,IDEPT8313
IU544227,5/11/1990,15/8/2008,IDEPT5127
IU817422,7/7/1990,17/4/2006,IDEPT3778
IU917848,14/8/1976,12/8/2002,IDEPT2357
IU635586,28/4/1991,27/7/2004,IDEPT6347
IU423398,24/6/1990,9/6/2006,IDEPT4938
IU846275,9/9/1974,21/8/2008,IDEPT1615
IU509287,6/10/1975,16/11/2009,IDEPT1615
IU168857,22/3/1992,10/5/2001,IDEPT5109
IU125595,4/9/1992,9/7/2006,IDEPT1367
IU423522,10/7/1977,16/1/2006,IDEPT5109
IU937233,18/6/1992,21/6/2010,IDEPT5881
IU710285,25/10/1970,7/4/2011,IDEPT3115
IU951593,24/11/1991,11/4/2007,IDEPT6347
IU740065,20/4/1990,22/11/1999,IDEPT1423
IU306793,16/12/1976,5/2/2008,IDEPT1378
IU364794,10/7/1994,2/3/2012,IDEPT7626
IU877470,10/11/1991,31/7/2005,IDEPT4938
IU486705,13/2/1983,12/9/2001,IDEPT1825
IU511664,29/7/1987,24/7/2006,IDEPT1825
IU860113,26/7/1971,20/3/2005,IDEPT3062
IU271785,24/1/1970,12/4/2006,IDEPT1533
IU357968,17/5/1974,31/10/2012,IDEPT5528
IU469799,29/3/1984,22/6/2014,IDEPT8313
IU508314,20/3/1974,3/3/2000,IDEPT6347
IU940853,13/10/1983,30/7/1999,IDEPT2601
IU736890,25/12/1978,27/8/2010,IDEPT3778
IU271820,7/6/1983,16/9/2005,IDEPT1615
IU861380,15/1/1985,29/11/2000,IDEPT1378
IU782822,5/5/1974,1/12/2006,IDEPT3778
IU369893,4/5/1971,28/6/2002,IDEPT5109
IU430546,12/4/1993,6/11/2011,IDEPT2601
IU472467,13/11/1988,20/6/2013,IDEPT1378
IU904131,18/9/1980,3/4/2010,IDEPT2601
IU201506,24/9/1986,2/12/2006,IDEPT5127
IU572132,7/11/1973,14/5/2011,IDEPT4055
IU538421,28/3/1975,15/3/2013,IDEPT1615
IU353908,20/2/1987,11/9/2005,IDEPT2601
IU372096,23/2/1976,3/2/2012,IDEPT1615
IU473584,29/4/1983,1/6/2014,IDEPT7783
IU754974,5/10/1976,25/2/2010,IDEPT5109
IU242634,20/6/1984,23/2/2007,IDEPT3868
IU624640,28/10/1987,12/7/2014,IDEPT5881
IU987884,24/10/1971,18/11/2004,IDEPT2357
IU516465,15/5/1984,6/1/2006,IDEPT6347
IU246736,26/12/1972,8/2/2007,IDEPT7626
IU454493,19/8/1988,28/9/2002,IDEPT1142
IU500587,30/11/1979,13/3/2008,IDEPT2425
IU325868,15/6/1976,15/5/2000,IDEPT1388
IU616644,5/7/1973,19/2/2007,IDEPT1423
IU639998,20/4/1994,9/3/2004,IDEPT3115
IU410413,12/11/1983,7/2/2006,IDEPT4132
IU114595,20/8/1986,13/11/2001,IDEPT4055
IU476789,12/3/1993,16/6/2009,IDEPT7783
IU438123,23/1/1975,28/2/2011,IDEPT1378
IU183626,1/11/1975,15/11/2006,IDEPT5881
IU934207,8/9/1971,4/10/2013,IDEPT5127
IU582877,7/7/1970,5/10/2005,IDEPT1615
IU815641,16/9/1990,2/2/2010,IDEPT1825
IU200937,15/12/1970,26/9/2007,IDEPT6347
IU703247,13/10/1985,29/8/2009,IDEPT5127
IU184260,8/12/1970,12/12/2004,IDEPT4670
IU843331,13/2/1982,28/5/2011,IDEPT4938
IU886140,12/8/1982,29/1/2013,IDEPT1677
IU760362,14/2/1980,8/7/2006,IDEPT1537
IU766698,7/9/1982,21/9/2003,IDEPT6347
IU633596,11/1/1981,11/8/2011,IDEPT8379
IU133163,29/9/1989,24/4/2009,IDEPT5408
IU410918,8/9/1985,9/6/2009,IDEPT8598
IU418420,13/5/1978,31/1/2001,IDEPT1423
IU996025,20/6/1991,3/10/2008,IDEPT1142
IU784101,26/1/1982,27/4/2011,IDEPT1537
IU480856,10/6/1991,6/6/2010,IDEPT4938
IU507184,26/6/1986,25/4/2012,IDEPT7783
IU803872,11/4/1975,28/4/2011,IDEPT4132
IU795236,17/12/1991,15/5/2008,IDEPT6347
IU632540,15/8/1981,17/6/2009,IDEPT1423
IU672641,23/10/1975,17/5/2008,IDEPT1537
IU280941,20/8/1969,14/5/2014,IDEPT5109
IU573089,27/6/1976,14/6/2001,IDEPT1367
IU476100,13/12/1976,9/4/2007,IDEPT7626
IU169365,18/2/1982,22/7/2008,IDEPT3868
IU333324,2/2/1986,23/7/2000,IDEPT7005
IU573623,12/12/1986,4/12/2003,IDEPT5528
IU263609,17/1/1985,14/12/1999,IDEPT8598
IU799085,2/9/1977,13/5/2014,IDEPT2425
IU464114,30/11/1972,27/5/2003,IDEPT1378
IU282074,19/8/1976,14/8/2008,IDEPT1537
IU300723,16/10/1985,31/7/2001,IDEPT4670
IU311031,4/6/1970,20/1/2004,IDEPT4132
IU976665,9/11/1985,24/4/2002,IDEPT1367
IU796590,1/1/1992,3/3/2012,IDEPT5408
IU160380,6/10/1985,17/11/2002,IDEPT4938
IU124164,8/6/1971,16/8/2004,IDEPT4938
IU293826,19/11/1982,24/10/2007,IDEPT1615
IU602414,18/12/1978,4/9/2006,IDEPT2601
IU797991,14/10/1990,13/9/2001,IDEPT8313
IU718477,11/7/1994,24/12/2005,IDEPT3115
IU177035,13/2/1983,30/4/2011,IDEPT8379
IU340320,14/11/1978,17/12/2013,IDEPT4670
IU603759,18/7/1979,24/5/2004,IDEPT1388
IU352216,27/1/1979,18/6/2007,IDEPT1825
IU780361,16/10/1989,29/7/2005,IDEPT2054
IU595413,23/3/1990,7/11/2012,IDEPT5109
IU209624,5/11/1983,17/2/2006,IDEPT2425
IU885411,12/1/1985,20/6/2007,IDEPT4670
IU238192,2/7/1991,17/8/2008,IDEPT7626
IU326182,14/9/1976,18/3/2011,IDEPT1423
IU995116,30/6/1975,26/10/1999,IDEPT8598
IU976864,2/4/1973,17/5/2002,IDEPT4132
IU908955,22/7/1970,24/3/2006,IDEPT8313
IU843323,18/9/1971,19/2/2000,IDEPT2054
IU870897,28/5/1978,1/3/2004,IDEPT5127
IU216190,11/7/1970,3/11/2008,IDEPT3062
IU960771,17/2/1983,16/6/2002,IDEPT7626
IU167781,17/11/1989,1/4/2014,IDEPT8313
IU748850,19/2/1980,22/12/1999,IDEPT1378
IU680743,8/11/1973,8/6/2006,IDEPT4938
IU348664,30/8/1969,1/2/2002,IDEPT6347
IU300148,26/11/1990,14/1/2001,IDEPT1142
IU968470,27/7/1983,6/10/2010,IDEPT6347
IU338809,30/6/1991,22/4/2004,IDEPT1533
IU119855,16/2/1974,5/7/2013,IDEPT5109
IU171535,23/11/1972,13/10/2013,IDEPT1677
IU428631,27/11/1987,2/6/2001,IDEPT1825
IU674290,24/7/1983,29/3/2006,IDEPT1367
IU580499,8/12/1981,29/1/2011,IDEPT2054
IU486342,13/5/1994,11/10/2008,IDEPT7626
IU820511,24/12/1984,11/11/2010,IDEPT1367
IU407408,31/1/1973,19/10/2006,IDEPT4132
IU171891,15/4/1971,18/7/2003,IDEPT3115
IU275641,1/1/1978,15/1/2014,IDEPT4055
IU780299,5/12/1988,3/10/2007,IDEPT4938
IU300673,15/5/1984,28/3/2001,IDEPT5528
IU301330,30/11/1980,5/8/2001,IDEPT2357
IU564831,27/8/1981,15/5/2006,IDEPT1388
IU391736,19/1/1988,2/9/2007,IDEPT5127
IU133525,1/9/1978,26/8/2010,IDEPT2357
IU160119,16/7/1979,27/4/2003,IDEPT4132
IU806621,25/1/1983,29/7/2009,IDEPT1142
IU908741,7/7/1986,23/11/2013,IDEPT1677
IU821348,28/4/1980,13/4/2010,IDEPT1537
IU271286,18/6/1971,30/5/2007,IDEPT3868
IU859028,9/11/1985,22/12/2009,IDEPT1367
IU440953,10/2/1991,21/8/2012,IDEPT8313
IU782253,30/7/1988,3/6/2011,IDEPT2054
IU641916,25/1/1980,23/2/2008,IDEPT7005
IU705753,12/5/1985,20/2/2001,IDEPT1367
IU753520,5/12/1972,4/10/2006,IDEPT3062
IU829108,12/1/1976,11/5/2007,IDEPT6347
IU138448,12/4/1970,10/3/2003,IDEPT8313
IU420763,6/2/1974,27/5/2008,IDEPT7626
IU233038,2/10/1992,12/12/2008,IDEPT5528
IU695482,11/12/1977,18/4/2008,IDEPT4938
IU528881,13/12/1992,27/3/2011,IDEPT5127
IU780387,26/12/1977,13/2/2006,IDEPT7783
IU758744,20/4/1991,24/6/2000,IDEPT5528
IU614210,1/6/1979,2/9/2001,IDEPT4670
IU570506,11/9/1970,9/10/2005,IDEPT4670
IU277655,4/6/1988,18/9/2001,IDEPT5408
IU677053,1/2/1992,27/5/2003,IDEPT5408
IU661044,18/7/1989,8/4/2010,IDEPT7626
IU739520,16/5/1976,25/5/2001,IDEPT5881
IU445489,1/10/1988,24/1/2006,IDEPT5127
IU838077,18/7/1993,12/4/2007,IDEPT1825
IU164953,30/6/1991,26/7/2007,IDEPT3868
IU605579,29/7/1973,13/8/2007,IDEPT1677
IU202628,11/6/1981,19/5/2007,IDEPT8379
IU469763,17/12/1984,7/4/2010,IDEPT1142
IU429696,3/12/1993,12/1/2001,IDEPT5127
IU702617,30/9/1969,1/4/2008,IDEPT6347
IU301679,4/10/1986,1/1/2014,IDEPT1388
IU136186,3/11/1984,11/7/2014,IDEPT1142
IU226782,7/11/1978,9/9/2013,IDEPT1533
IU469798,13/6/1983,27/8/2008,IDEPT5109
IU731281,26/1/1976,2/7/2007,IDEPT5408
IU573049,8/5/1994,1/3/2000,IDEPT3115
IU845710,9/5/1972,26/10/2001,IDEPT5109
IU228243,13/3/1971,28/9/2003,IDEPT1615
IU684059,3/11/1974,12/3/2000,IDEPT6347
IU869693,26/12/1972,13/1/2010,IDEPT2054
IU418731,10/1/1983,13/4/2014,IDEPT1825
IU397409,29/10/1980,24/8/2006,IDEPT7783
IU892420,11/8/1969,4/8/2001,IDEPT7783
IU122721,21/1/1990,30/8/2005,IDEPT2601
IU512644,22/7/1989,1/8/2009,IDEPT4132
IU909240,31/1/1982,9/5/2014,IDEPT3115
IU663263,30/12/1980,5/2/2004,IDEPT5109
IU425212,22/1/1976,10/12/2012,IDEPT4670
IU202625,27/11/1976,14/11/2011,IDEPT1533
IU738148,20/1/1993,13/12/2013,IDEPT1388
IU430177,31/12/1984,20/10/2007,IDEPT4670
IU635288,13/3/1970,5/6/2012,IDEPT3115
IU789680,25/12/1981,9/7/2010,IDEPT3062
IU182243,21/1/1992,9/11/2008,IDEPT8313
IU327985,6/7/1983,24/8/2009,IDEPT4132
IU533528,20/5/1985,3/3/2005,IDEPT3115
IU723031,6/6/1981,20/7/2006,IDEPT8379
IU934910,8/1/1986,4/6/2009,IDEPT1537
IU169952,25/10/1990,11/3/2004,IDEPT5408
IU178366,25/10/1991,1/11/2004,IDEPT3062
IU721549,19/6/1991,2/12/2009,IDEPT1142
IU516266,3/9/1977,6/12/2004,IDEPT4670
IU862692,24/2/1989,16/10/2012,IDEPT1825
IU207880,22/10/1990,25/11/2012,IDEPT5109
IU820075,29/9/1970,3/11/2013,IDEPT8379
IU427979,4/10/1984,12/6/2012,IDEPT3062
IU325411,30/10/1986,1/3/2009,IDEPT1677
IU559192,6/6/1980,19/1/2009,IDEPT4670
IU642949,2/9/1989,24/4/2012,IDEPT1537
IU341933,11/7/1990,1/8/2012,IDEPT7005
IU906322,18/10/1976,21/1/2001,IDEPT4670
IU816890,21/6/1979,9/8/1999,IDEPT4938
IU506955,14/10/1972,19/5/2006,IDEPT8598
IU211110,4/4/1983,1/8/2012,IDEPT2601
IU408398,30/1/1987,25/7/2001,IDEPT1825
IU751501,14/12/1983,28/6/2002,IDEPT4055
IU170799,1/3/1974,12/3/2005,IDEPT6347
IU752831,21/1/1989,12/12/2005,IDEPT7783
IU850341,3/8/1989,24/1/2001,IDEPT7626
IU410633,1/5/1979,14/8/2008,IDEPT1388
IU864193,30/1/1993,12/11/2013,IDEPT6347
IU681338,12/12/1975,7/3/2009,IDEPT2601
IU265455,25/10/1982,4/2/2001,IDEPT8598
IU375598,22/5/1989,21/10/2000,IDEPT3778
IU508574,20/11/1970,10/10/2009,IDEPT2601
IU960495,19/6/1988,30/8/2003,IDEPT1537
IU428752,24/6/1974,9/6/2007,IDEPT3868
IU204067,2/5/1979,7/7/2006,IDEPT3062
IU208561,26/10/1988,31/1/2011,IDEPT8379
IU519293,15/9/1984,4/6/2009,IDEPT3062
IU822516,9/7/1978,25/5/2014,IDEPT5881
IU995320,5/3/1977,17/7/2003,IDEPT1825
IU964518,23/6/1981,23/8/2013,IDEPT5881
IU894235,12/11/1973,26/8/2012,IDEPT1615
IU288401,18/3/1977,8/9/1999,IDEPT3868
IU291748,15/12/1989,29/7/2001,IDEPT5881
IU241381,13/7/1994,16/11/2011,IDEPT1142
IU268506,16/7/1982,19/2/2007,IDEPT8598
IU366991,5/9/1991,12/10/2002,IDEPT5528
IU399810,28/9/1976,29/1/2009,IDEPT8313
IU312327,24/4/1975,17/3/2012,IDEPT3778
IU153231,24/10/1969,27/11/2007,IDEPT3115
IU657927,11/12/1982,3/5/2001,IDEPT2425
IU191586,18/9/1978,23/4/2002,IDEPT7626
IU246186,2/11/1986,19/1/2009,IDEPT2054
IU981891,27/4/1977,10/3/2009,IDEPT1378
IU538991,6/4/1994,20/3/2014,IDEPT5109
IU268651,23/11/1971,26/10/2002,IDEPT3778
IU738373,5/3/1978,14/1/2005,IDEPT5127
IU944782,31/8/1980,27/8/2007,IDEPT3115
IU626787,5/11/1977,5/8/2010,IDEPT2601
IU214283,24/2/1980,27/12/2008,IDEPT2425
IU510307,3/9/1988,25/1/2011,IDEPT3778
IU761906,11/12/1976,10/4/2013,IDEPT5109
IU390465,4/8/1989,13/5/2001,IDEPT3778
IU490542,31/3/1984,30/1/2005,IDEPT8379
IU349204,22/12/1981,27/9/2009,IDEPT4938
IU323581,18/2/1987,27/9/2008,IDEPT3115
IU217492,8/5/1970,20/11/2003,IDEPT2601
IU220175,3/4/1990,10/1/2002,IDEPT7783
IU821623,31/5/1977,1/1/2007,IDEPT7626
IU870155,14/9/1989,31/10/2008,IDEPT1388
IU480250,27/5/1988,27/1/2010,IDEPT1388
IU819549,11/6/1989,27/3/2007,IDEPT1533
IU187772,29/7/1983,11/5/2013,IDEPT7626
IU498408,30/9/1992,20/8/2005,IDEPT1677
IU124080,21/2/1976,31/10/2003,IDEPT1677
IU260788,10/5/1979,19/11/2007,IDEPT1615
IU366351,12/11/1976,16/10/2003,IDEPT1423
IU492187,25/12/1989,4/7/2014,IDEPT1142
IU222599,18/9/1969,19/8/2013,IDEPT3115
IU415304,27/3/1975,23/11/2013,IDEPT2425
IU947736,8/11/1988,24/11/2008,IDEPT2425
IU906894,15/9/1975,19/12/2010,IDEPT3115
IU973524,4/4/1983,8/2/2011,IDEPT1388
IU327964,29/10/1975,5/8/2000,IDEPT7783
IU370459,3/8/1990,22/4/2006,IDEPT3778
IU444477,30/4/1979,30/3/2005,IDEPT4132
IU571216,22/2/1976,11/10/2007,IDEPT1388
IU630070,13/3/1985,27/4/2000,IDEPT4670
IU317969,26/9/1986,25/5/2000,IDEPT1537
IU342775,18/6/1993,23/6/2011,IDEPT2601
IU348500,10/10/1973,31/8/2013,IDEPT4938
IU971602,10/11/1975,24/5/2013,IDEPT4132
IU610008,16/5/1973,23/4/2009,IDEPT4132
IU976032,13/7/1979,15/9/2006,IDEPT3868
IU879530,28/4/1986,11/1/2004,IDEPT5109
IU777655,11/6/1978,12/10/2008,IDEPT2357
IU146516,29/1/1987,6/3/2010,IDEPT1677
IU588644,8/2/1972,26/5/2002,IDEPT1615
IU131301,8/10/1987,24/5/2010,IDEPT5109
IU330011,24/2/1973,16/5/2002,IDEPT8379
IU437832,4/5/1972,6/5/2002,IDEPT7005
IU603458,26/8/1973,30/5/2004,IDEPT1367
IU290072,14/4/1987,20/3/2012,IDEPT4132
IU674734,20/12/1987,22/12/2002,IDEPT2357
IU410633,13/6/1973,26/5/2014,IDEPT6347
IU923599,22/5/1990,27/12/2011,IDEPT1142
IU263351,20/12/1978,21/4/2009,IDEPT3778
IU677544,11/2/1984,15/5/2000,IDEPT1537
IU304996,25/12/1987,13/7/2008,IDEPT5127
IU689925,13/2/1975,4/10/2007,IDEPT2357
IU250243,29/6/1987,26/2/2004,IDEPT5408
IU643936,2/9/1973,9/6/2012,IDEPT1378
IU320174,8/6/1972,22/1/2007,IDEPT5528
IU704775,16/11/1979,22/12/2004,IDEPT1367
IU832124,21/8/1982,27/2/2002,IDEPT1142
IU625266,18/5/1981,18/12/2012,IDEPT1423
IU528344,16/4/1978,13/6/2011,IDEPT1388
IU456695,30/3/1988,14/6/2008,IDEPT1825
IU533189,1/11/1975,22/11/2007,IDEPT4938
IU201056,28/2/1975,21/11/2003,IDEPT1423
IU906576,11/10/1979,30/10/2000,IDEPT7005
IU335562,17/8/1974,7/4/2014,IDEPT2357
IU193468,15/7/1975,16/11/2012,IDEPT5109
IU351745,22/2/1987,6/5/2012,IDEPT5109
IU345987,14/5/1987,8/4/2014,IDEPT3115
IU299274,23/10/1972,23/4/2002,IDEPT2054
IU482350,16/6/1986,22/11/2010,IDEPT5408
IU123559,25/7/1984,7/5/2012,IDEPT5881
IU698701,18/5/1987,28/12/2005,IDEPT4670
IU215930,23/11/1982,15/2/2002,IDEPT4938
IU191434,2/10/1981,3/12/2007,IDEPT6347
IU826622,29/7/1987,27/10/2008,IDEPT5109
IU817598,25/5/1979,2/7/2002,IDEPT1423
IU155569,6/12/1972,23/4/2013,IDEPT8379
IU390407,6/1/1981,9/5/2010,IDEPT8379
IU863998,8/12/1981,21/6/2001,IDEPT5109
IU922106,18/3/1985,2/3/2014,IDEPT3868
IU237580,1/5/1973,4/3/2014,IDEPT3062
IU241057,12/5/1986,24/8/2013,IDEPT4670
IU325317,15/2/1994,2/11/2009,IDEPT1825
IU616128,19/11/1993,21/1/2010,IDEPT1537
IU219814,20/10/1978,20/2/2012,IDEPT1533
IU715343,8/11/1972,6/1/2008,IDEPT1533
IU927129,5/2/1994,3/9/2008,IDEPT5528
IU548721,3/11/1970,29/7/2005,IDEPT8379
IU329263,5/12/1981,4/2/2000,IDEPT3778
IU585927,7/5/1981,27/5/2014,IDEPT8313
IU632690,2/1/1973,31/5/2008,IDEPT5528
IU319397,13/4/1994,28/6/2006,IDEPT5127
IU515736,19/5/1993,30/4/2000,IDEPT3115
IU933877,5/9/1976,1/7/2007,IDEPT1367
IU873202,2/9/1987,23/3/2012,IDEPT3115
IU752119,3/7/1978,4/11/2005,IDEPT2357
IU123411,3/2/1982,7/6/2013,IDEPT2425
IU825545,18/12/1976,21/6/2008,IDEPT1367
IU398297,6/3/1984,15/3/2002,IDEPT1825
IU466140,14/2/1977,18/4/2011,IDEPT7783
IU651561,15/11/1986,18/7/2007,IDEPT2357
IU132090,1/6/1974,26/4/2005,IDEPT1388
IU429751,26/5/1970,10/7/2011,IDEPT4055
IU498688,6/1/1993,11/3/2013,IDEPT4055
IU243623,19/12/1973,30/12/2013,IDEPT4938
IU739269,23/2/1984,22/8/2003,IDEPT1533
IU173065,19/11/1981,6/5/2006,IDEPT7783
IU293657,17/8/1993,1/4/2013,IDEPT5127
IU736531,22/11/1992,24/11/2011,IDEPT1378
IU146874,9/1/1982,25/9/2004,IDEPT1533
IU928832,20/11/1972,17/11/2006,IDEPT2425
IU567357,6/11/1978,17/4/2008,IDEPT3062
IU920159,20/12/1991,20/7/2004,IDEPT1537
IU428129,17/11/1976,6/11/2001,IDEPT1388
IU568060,1/9/1978,6/3/2014,IDEPT8379
IU855724,4/12/1977,18/9/2007,IDEPT1537
IU750151,23/5/1988,17/8/2001,IDEPT2425
IU527590,17/3/1974,22/8/2008,IDEPT2054
IU636090,13/1/1986,7/7/2002,IDEPT5881
IU752672,30/4/1975,21/5/2009,IDEPT5109
IU227724,4/4/1987,21/11/2005,IDEPT3868
IU827705,29/12/1976,31/3/2011,IDEPT7783
IU255180,14/1/1972,17/5/2010,IDEPT3778
IU361823,8/11/1984,28/3/2002,IDEPT1378
IU859418,13/3/1976,8/9/2006,IDEPT3778
IU386628,19/11/1987,16/11/2008,IDEPT4132
IU713667,25/4/1986,28/7/2007,IDEPT2601
IU542025,24/1/1976,8/12/1999,IDEPT1367
IU140338,21/7/1971,29/9/2001,IDEPT8313
IU763930,16/12/1978,22/5/2000,IDEPT7626
IU216642,25/4/1976,31/7/2002,IDEPT1378
IU662929,18/7/1979,9/8/2012,IDEPT8313
IU235093,27/11/1993,21/8/2004,IDEPT2054
IU784869,25/12/1992,27/8/2004,IDEPT5528
IU820355,7/9/1980,8/3/2009,IDEPT2601
IU221973,26/12/1993,12/1/2010,IDEPT5528
IU168958,30/3/1970,2/9/2006,IDEPT3778
IU578797,4/8/1991,23/1/2011,IDEPT2357
IU776397,19/6/1987,25/10/2003,IDEPT4055
IU920407,29/6/1982,29/3/2000,IDEPT1677
IU207444,6/12/1973,30/9/2011,IDEPT2601
IU625318,30/10/1971,6/4/2010,IDEPT5408
IU184903,13/7/1971,1/2/2012,IDEPT5408
IU598107,26/8/1984,30/9/2000,IDEPT2601
IU683857,24/5/1980,22/12/2005,IDEPT2425
IU661947,2/2/1988,27/6/2013,IDEPT2425
IU413078,16/11/1972,10/6/2005,IDEPT8313
IU248589,16/6/1990,6/4/2003,IDEPT1825
IU794640,17/2/1972,10/5/2012,IDEPT1388
IU612761,17/7/1994,15/11/2007,IDEPT5881
IU163934,14/10/1978,7/6/2013,IDEPT7005
IU246634,28/10/1987,13/5/2003,IDEPT5408
IU369805,30/6/1989,17/4/2004,IDEPT7626
IU994214,13/1/1991,3/12/2002,IDEPT7783
IU321723,7/5/1986,18/2/2005,IDEPT7626
IU815760,27/2/1988,23/12/2013,IDEPT7626
IU763815,14/4/1977,23/8/2003,IDEPT7626
IU612744,11/6/1990,25/8/1999,IDEPT1423
IU995250,8/6/1990,18/8/2001,IDEPT4670
IU742510,23/12/1970,7/10/2002,IDEPT2054
IU877835,26/11/1970,12/7/2007,IDEPT1615
IU726156,6/12/1972,20/5/2004,IDEPT3868
IU357109,20/1/1979,30/12/2000,IDEPT1615
IU309800,17/8/1992,26/11/2002,IDEPT1388
IU717028,9/7/1979,27/3/2010,IDEPT5881
IU338625,27/11/1987,21/7/2003,IDEPT3778
IU175504,5/3/1990,13/7/2013,IDEPT4670
IU969369,23/4/1978,2/11/2001,IDEPT5127
IU190368,19/10/1978,12/9/2004,IDEPT2054
IU529688,4/11/1987,2/12/2006,IDEPT5127
IU837169,31/7/1992,14/7/2008,IDEPT1423
IU388674,18/4/1992,7/4/2014,IDEPT3115
IU517560,26/7/1978,6/11/2006,IDEPT8313
IU470457,23/5/1981,24/6/2006,IDEPT5408
IU651302,29/10/1985,4/7/2010,IDEPT1388
IU151581,2/12/1974,28/5/2000,IDEPT1533
IU656073,28/1/1975,21/2/2006,IDEPT2425
IU136453,6/1/1980,21/10/1999,IDEPT4055
IU170457,18/5/1973,18/7/2007,IDEPT5109
IU401825,30/7/1993,23/4/2008,IDEPT2357
IU899277,5/11/1988,14/6/2009,IDEPT1142
IU427981,7/3/1981,16/5/2005,IDEPT8598
IU330126,7/8/1987,10/9/2004,IDEPT1615
IU537101,13/7/1992,31/3/2003,IDEPT1533
IU605891,14/1/1980,14/3/2012,IDEPT1423
IU252300,19/11/1986,21/3/2007,IDEPT2357
IU302290,4/8/1975,31/5/2004,IDEPT5408
IU525119,4/2/1978,1/7/2010,IDEPT3868
IU132172,16/4/1981,20/7/1999,IDEPT4055
IU313801,7/6/1986,8/8/2001,IDEPT1142
IU388666,13/2/1993,6/2/2007,IDEPT5528
IU180575,15/6/1982,4/9/2006,IDEPT3868
IU117698,30/4/1988,7/2/2009,IDEPT5528
IU243018,9/7/1982,14/1/2012,IDEPT3115
IU360008,5/10/1979,18/9/2001,IDEPT4055
IU687483,27/3/1987,17/9/2006,IDEPT1615
IU123462,23/10/1981,24/12/2004,IDEPT5528
IU452709,26/4/1972,16/9/2006,IDEPT8313
IU341934,1/2/1972,27/6/2000,IDEPT6347
IU813724,24/11/1981,28/10/2000,IDEPT7783
IU264087,22/4/1976,26/11/2001,IDEPT2357
IU994689,25/8/1993,26/3/2005,IDEPT5109
IU332671,3/8/1973,19/8/2003,IDEPT1615
IU141872,30/12/1981,17/9/2005,IDEPT7783
IU981557,30/10/1981,24/1/2014,IDEPT1378
IU978568,2/11/1970,22/10/2010,IDEPT4132
IU692670,3/3/1977,21/6/2008,IDEPT5408
IU769461,9/8/1973,27/12/2004,IDEPT5881
IU495951,12/1/1979,21/7/2008,IDEPT5109
IU280711,16/2/1992,20/8/2002,IDEPT1388
IU939315,7/7/1990,19/10/2004,IDEPT1537
IU508882,25/2/1993,18/4/2006,IDEPT5109
IU606440,14/2/1970,14/3/2003,IDEPT1367
IU493308,9/4/1990,31/7/2011,IDEPT4670
IU862282,27/7/1980,22/5/2005,IDEPT1388
IU735889,27/8/1981,1/12/2012,IDEPT5109
IU210386,30/11/1988,15/7/2007,IDEPT3115
IU420817,27/10/1973,29/12/2003,IDEPT2425
IU676965,14/6/1978,28/8/1999,IDEPT4132
IU668015,5/7/1994,19/5/2013,IDEPT1367
IU188961,5/5/1973,25/8/2011,IDEPT1367
IU735338,25/8/1969,25/4/2010,IDEPT2357
IU206620,2/12/1981,15/1/2006,IDEPT1142
IU804279,26/3/1987,11/9/2013,IDEPT1378
IU148710,31/1/1972,23/10/1999,IDEPT8379
IU925003,14/9/1972,2/5/2003,IDEPT1367
IU265380,21/4/1991,26/7/2012,IDEPT1677
IU967952,23/8/1980,31/7/2007,IDEPT3868
IU185809,25/2/1972,16/9/2008,IDEPT4670
IU686897,20/7/1976,14/12/2005,IDEPT8598
IU181001,17/9/1986,13/11/2006,IDEPT2601
IU612137,7/1/1982,31/3/2012,IDEPT1142
IU131224,31/12/1984,17/8/2007,IDEPT3778
IU569109,5/12/1981,29/6/2005,IDEPT5109
IU799895,3/6/1978,19/1/2008,IDEPT8379
IU839795,11/8/1976,22/6/2000,IDEPT1677
IU417180,12/1/1970,2/11/2002,IDEPT2357
IU210927,12/1/1979,20/7/2010,IDEPT4055
IU206105,23/6/1989,25/9/2001,IDEPT7783
IU383907,13/8/1990,15/4/2013,IDEPT1367
IU583972,23/7/1986,9/5/2008,IDEPT3778
IU653615,14/2/1994,12/3/2004,IDEPT1388
IU556080,16/12/1984,20/12/2009,IDEPT1825
IU684832,19/1/1988,14/2/2001,IDEPT1367
IU502086,23/3/1975,27/7/2013,IDEPT5109
IU243903,3/9/1993,7/6/2002,IDEPT4670
IU140464,19/9/1970,5/10/2009,IDEPT5408
IU828483,29/8/1989,30/4/2007,IDEPT8313
IU542528,18/4/1988,20/11/2000,IDEPT2601
IU791247,11/11/1977,14/9/2008,IDEPT1615
IU899908,29/6/1986,24/10/2006,IDEPT1142
IU682435,8/11/1985,6/8/2009,IDEPT1533
IU258875,12/1/1983,14/10/2002,IDEPT3115
IU137365,24/8/1977,3/7/2000,IDEPT4938
IU679069,6/4/1978,18/12/2009,IDEPT5528
IU139924,12/9/1982,6/6/2010,IDEPT2054
IU124936,3/4/1973,25/12/1999,IDEPT1615
IU495263,3/5/1979,3/1/2011,IDEPT3868
IU344433,11/9/1991,26/6/2002,IDEPT1615
IU186037,25/8/1975,7/4/2009,IDEPT7626
IU895618,14/8/1971,3/8/2006,IDEPT4938
IU231832,13/10/1983,6/7/2002,IDEPT8379
IU420314,26/7/1971,25/4/2011,IDEPT3868
IU539590,28/7/1993,30/3/2000,IDEPT1533
IU283470,25/3/1971,2/12/2005,IDEPT5881
IU351717,14/4/1982,14/4/2005,IDEPT1615
IU644580,3/5/1972,28/4/2002,IDEPT5109
IU573587,1/1/1977,16/5/2012,IDEPT1533
IU567359,13/5/1981,16/3/2000,IDEPT6347
IU967211,10/2/1977,18/4/2008,IDEPT8313
IU861400,27/7/1980,6/1/2005,IDEPT4670
IU272917,6/10/1990,22/9/2010,IDEPT3115
IU414718,23/2/1984,5/1/2000,IDEPT4938
IU823705,9/12/1979,9/11/2002,IDEPT4670
IU933244,28/12/1991,5/4/2001,IDEPT1142
IU911746,30/6/1979,27/4/2014,IDEPT5528
IU216929,9/1/1993,7/2/2004,IDEPT1388
IU278688,28/12/1979,23/10/2011,IDEPT4670
IU533233,14/6/1980,20/7/1999,IDEPT4132
IU603202,26/7/1987,29/12/2004,IDEPT5408
IU982994,21/12/1974,27/8/2002,IDEPT8379
IU570214,12/8/1984,1/9/2009,IDEPT5881
IU683287,2/10/1992,28/1/2010,IDEPT2425
IU330110,25/11/1992,10/6/2008,IDEPT2357
IU800340,24/4/1972,6/5/2011,IDEPT5408
IU892357,25/4/1970,15/4/2007,IDEPT5109
IU358048,2/10/1992,21/9/2005,IDEPT7783
IU747393,3/4/1983,22/8/2007,IDEPT4670
IU383656,26/6/1994,23/4/2001,IDEPT1533
IU725181,10/7/1982,24/2/2001,IDEPT1677
IU312786,1/2/1992,18/9/2001,IDEPT3778
IU889347,30/12/1971,24/10/2005,IDEPT8598
IU184696,11/1/1987,24/9/2003,IDEPT7626
IU564750,24/10/1988,2/4/2009,IDEPT7783
IU498964,3/6/1972,24/6/2007,IDEPT1537
IU268125,19/9/1988,27/8/2009,IDEPT3115
IU881669,17/7/1978,18/5/2004,IDEPT2357
IU312832,4/11/1980,24/12/2012,IDEPT4670
IU362922,19/6/1987,26/9/2001,IDEPT6347
IU185367,2/4/1971,22/4/2001,IDEPT7005
IU292300,15/10/1987,8/2/2014,IDEPT1825
IU428107,23/6/1991,17/6/2004,IDEPT1615
IU292460,12/7/1990,24/2/2005,IDEPT7005
IU647093,18/9/1992,6/4/2001,IDEPT1142
IU685928,11/8/1988,29/8/2000,IDEPT8598
IU621337,30/8/1976,30/3/2006,IDEPT4055
IU172247,23/5/1971,26/2/2005,IDEPT3778
IU452249,3/6/1991,6/7/2001,IDEPT8313
IU369201,21/1/1972,19/11/2007,IDEPT5881
IU809115,1/2/1973,20/6/2001,IDEPT8313
IU262644,26/7/1992,12/5/2013,IDEPT7783
IU674728,21/6/1970,22/1/2001,IDEPT8598
IU978644,16/11/1986,19/11/2009,IDEPT2601
IU366586,24/8/1975,17/6/2006,IDEPT5109
IU633408,14/2/1982,2/4/2007,IDEPT1367
IU917540,18/12/1978,18/6/2004,IDEPT5881
IU430993,11/10/1990,26/1/2003,IDEPT2054
IU239143,15/12/1987,21/7/2009,IDEPT1533
IU989035,13/1/1971,8/6/2011,IDEPT1537
IU855598,8/2/1986,11/2/2003,IDEPT5528
IU738031,17/3/1989,1/7/2005,IDEPT4055
IU444951,5/7/1983,23/11/2000,IDEPT2601
IU783461,6/5/1971,25/1/2007,IDEPT1378
IU212636,20/9/1993,27/2/2003,IDEPT6347
IU465873,15/10/1969,12/11/2008,IDEPT2054
IU469222,25/5/1985,28/4/2013,IDEPT5881
IU689487,17/6/1984,6/1/2014,IDEPT5881
IU621925,10/8/1972,20/3/2002,IDEPT5127
IU911771,13/9/1971,16/6/2014,IDEPT1423
IU702448,14/12/1985,4/6/2005,IDEPT2357
IU772006,4/12/1988,23/12/2003,IDEPT5881
IU973982,24/12/1985,18/8/2010,IDEPT4132
IU444712,15/9/1991,10/3/2004,IDEPT5528
IU207584,14/12/1990,3/1/2011,IDEPT2425
IU885654,16/4/1983,14/4/2008,IDEPT1388
IU609673,3/2/1982,8/8/2000,IDEPT5528
IU209964,4/5/1976,19/5/2002,IDEPT1142
IU311953,16/5/1982,5/11/2007,IDEPT5109
IU184371,3/4/1988,24/1/2010,IDEPT8313
IU214879,21/6/1988,10/12/2008,IDEPT7626
IU834269,24/4/1976,18/10/2000,IDEPT5528
IU201665,8/11/1988,22/7/2013,IDEPT1423
IU754097,4/2/1994,20/5/2014,IDEPT8598
IU281793,6/6/1970,25/1/2002,IDEPT8598
IU523913,8/1/1992,11/12/2005,IDEPT5528
IU619477,12/10/1982,5/4/2014,IDEPT1615
IU460526,20/9/1993,27/1/2005,IDEPT4938
IU605873,30/5/1990,31/7/2003,IDEPT8379
IU291184,21/6/1991,3/3/2010,IDEPT1537
IU758967,18/6/1984,3/12/2010,IDEPT2054
IU136562,25/7/1988,17/5/2003,IDEPT6347
IU265603,26/12/1973,3/9/2009,IDEPT3778
IU347145,2/3/1973,20/6/2013,IDEPT8379
IU713573,27/12/1985,12/5/2003,IDEPT8598
IU419541,25/6/1988,10/5/2001,IDEPT1825
IU342000,4/6/1985,26/2/2007,IDEPT3115
IU508884,20/6/1974,24/11/2004,IDEPT1367
IU820593,27/6/1994,20/9/1999,IDEPT2425
IU773440,4/5/1989,12/3/2000,IDEPT5881
IU149457,12/10/1986,4/4/2000,IDEPT4938
IU745611,22/4/1985,25/4/2010,IDEPT3062
IU808348,14/12/1969,23/2/2001,IDEPT3062
IU216145,13/10/1993,29/4/2006,IDEPT1378
IU244735,5/9/1991,30/12/2010,IDEPT5881
IU328947,7/2/1985,7/12/2002,IDEPT7005
IU756505,21/2/1983,25/7/2009,IDEPT4132
IU933212,8/3/1982,1/9/2001,IDEPT7005
IU849945,7/6/1972,29/1/2008,IDEPT5109
IU843284,19/3/1981,8/7/2013,IDEPT1423
IU161728,23/11/1973,6/11/2011,IDEPT3062
IU222518,10/5/1987,25/8/2002,IDEPT1378
IU328218,11/1/1976,13/1/2005,IDEPT1423
IU363158,1/8/1970,14/2/2014,IDEPT5127
IU766289,19/3/1979,2/4/2000,IDEPT8313
IU724113,9/3/1971,22/12/2004,IDEPT8313
IU777548,31/12/1987,20/10/2009,IDEPT4055
IU716739,30/5/1979,15/5/2007,IDEPT8598
IU346406,2/3/1990,10/9/2008,IDEPT1367
IU123688,19/11/1981,30/9/2010,IDEPT4670
IU147959,23/2/1977,12/5/2003,IDEPT4938
IU355955,16/1/1976,27/1/2008,IDEPT8313
IU370004,1/8/1978,28/3/2014,IDEPT7005
IU469282,15/2/1983,2/5/2008,IDEPT1388
IU239081,2/12/1991,12/11/2002,IDEPT1537
IU819618,22/12/1974,17/12/2003,IDEPT8379
IU701692,12/9/1988,26/3/2010,IDEPT3062
IU127170,23/10/1990,13/7/2008,IDEPT7783
IU637845,11/11/1973,16/2/2001,IDEPT3115
IU847613,17/10/1975,9/2/2007,IDEPT3062
IU325646,16/12/1985,13/6/2012,IDEPT3115
IU127182,11/10/1982,17/3/2009,IDEPT4938
IU921974,22/4/1980,20/4/2006,IDEPT1677
IU719669,15/3/1971,8/9/2007,IDEPT1615
IU843807,20/10/1977,21/9/2002,IDEPT8379
IU922538,5/11/1990,29/8/2010,IDEPT7783
IU834872,18/12/1984,29/6/2001,IDEPT5528
IU659166,18/8/1992,27/4/2007,IDEPT1615
IU650599,10/10/1973,3/7/2004,IDEPT5528
IU477466,29/1/1979,7/7/2013,IDEPT3115
IU806804,26/12/1973,27/6/2004,IDEPT4670
IU238243,26/5/1982,18/7/2009,IDEPT4670
IU656557,29/9/1973,8/2/2007,IDEPT7783
IU559726,1/8/1981,16/12/2012,IDEPT1537
IU749926,17/2/1979,14/1/2012,IDEPT2054
IU505256,12/7/1974,14/3/2011,IDEPT1533
IU739904,3/9/1985,2/11/2000,IDEPT3778
IU932895,4/1/1979,22/1/2002,IDEPT5127
IU407811,16/10/1976,8/3/2014,IDEPT1388
IU302696,10/12/1979,22/8/2005,IDEPT6347
IU143571,24/2/1978,6/4/2002,IDEPT5109
IU740565,28/1/1980,15/8/2003,IDEPT5881
IU801417,20/9/1992,8/8/2001,IDEPT7005
IU541306,24/10/1982,21/3/2006,IDEPT7626
IU824288,16/5/1971,31/10/2005,IDEPT1677
IU702525,26/4/1971,15/10/2007,IDEPT1378
IU703636,5/11/1993,1/5/2012,IDEPT3868
IU337472,21/7/1982,12/11/2013,IDEPT3868
IU799516,15/2/1970,6/7/2011,IDEPT4132
IU207253,4/1/1977,26/8/2000,IDEPT8598
IU870184,13/4/1978,1/3/2011,IDEPT3062
IU130291,15/11/1993,18/9/2012,IDEPT2601
IU260748,5/6/1980,14/5/2011,IDEPT2601
IU708882,9/11/1980,27/7/2010,IDEPT3115
IU542930,16/9/1990,26/3/2011,IDEPT1423
IU703243,25/12/1992,6/1/2001,IDEPT1388
IU606698,7/8/1983,21/10/2008,IDEPT2425
IU239841,15/1/1971,7/1/2008,IDEPT8598
IU306943,4/1/1987,17/12/2011,IDEPT5109
IU687116,22/1/1988,19/2/2001,IDEPT5881
IU527521,13/11/1993,9/3/2006,IDEPT8313
IU779542,14/10/1969,20/8/1999,IDEPT4938
IU539247,26/4/1994,23/6/2006,IDEPT8379
IU437570,27/6/1984,11/6/2003,IDEPT7626
IU750441,23/7/1976,30/7/2007,IDEPT7626
IU647159,23/11/1990,18/11/2002,IDEPT4132
IU757212,6/5/1978,11/4/2008,IDEPT8598
IU653513,14/2/1989,23/9/2005,IDEPT1367
IU572652,27/8/1972,3/9/2008,IDEPT8598
IU454140,30/6/1973,24/11/2001,IDEPT4670
IU308087,29/6/1981,21/3/2014,IDEPT5881
IU657759,1/3/1990,8/8/2013,IDEPT2357
IU938965,2/6/1974,24/3/2004,IDEPT5528
IU329659,23/9/1978,5/4/2004,IDEPT4055
IU344368,1/11/1985,15/9/2011,IDEPT3115
IU864819,23/10/1969,25/11/2012,IDEPT5408
IU360490,31/8/1989,2/7/2000,IDEPT2425
IU605773,6/2/1994,1/3/2012,IDEPT1142
IU599911,20/7/1972,1/3/2008,IDEPT2357
IU720734,7/9/1969,29/10/2001,IDEPT4055
IU274936,27/2/1976,8/4/2002,IDEPT3115
IU552022,29/9/1984,24/7/2001,IDEPT5881
IU474647,28/7/1970,15/7/2010,IDEPT2357
IU321200,25/11/1982,16/12/2012,IDEPT1533
IU209716,7/4/1982,8/9/2004,IDEPT1423
IU205005,17/10/1972,23/8/2004,IDEPT8313
IU507952,13/12/1993,28/8/1999,IDEPT2054
IU222618,29/10/1977,13/7/2013,IDEPT3115
IU480985,28/2/1975,29/7/2010,IDEPT1825
IU896446,14/11/1980,11/3/2010,IDEPT7783
IU751204,30/9/1992,10/2/2014,IDEPT1615
IU953296,16/11/1969,10/8/2012,IDEPT2357
IU366150,14/12/1970,28/9/1999,IDEPT1378
IU906960,25/3/1975,28/10/2009,IDEPT3062
IU320638,2/3/1987,25/1/2004,IDEPT1378
IU438036,8/4/1991,14/10/2011,IDEPT2357
IU821055,11/4/1976,18/8/2002,IDEPT5408
IU700570,19/3/1978,2/6/2001,IDEPT1367
IU401807,10/12/1982,12/8/2013,IDEPT4670
IU655888,9/1/1976,22/5/2002,IDEPT5881
IU622700,17/6/1987,10/2/2003,IDEPT1825
IU244911,21/1/1970,31/7/2003,IDEPT5881
IU585698,29/9/1986,13/2/2010,IDEPT5109
IU304862,29/11/1981,31/12/2012,IDEPT1537
IU227298,25/9/1988,5/12/2013,IDEPT1388
IU162287,28/11/1971,27/3/2013,IDEPT5881
IU677671,9/8/1991,15/6/2012,IDEPT3868
IU660707,7/8/1981,28/5/2002,IDEPT8379
IU258650,5/9/1969,29/9/2007,IDEPT2054
IU809461,13/5/1984,24/10/2003,IDEPT6347
IU861866,20/10/1978,9/8/2004,IDEPT6347
IU156957,17/7/1991,15/11/2007,IDEPT4132
IU617610,7/11/1973,14/3/2001,IDEPT1825
IU512234,8/4/1981,5/2/2005,IDEPT3868
IU535717,25/4/1987,16/5/2009,IDEPT5408
IU397061,26/8/1970,23/10/2007,IDEPT2357
IU563147,11/8/1970,5/4/2003,IDEPT5109
IU808795,13/4/1979,8/12/2013,IDEPT5528
IU630673,20/7/1981,9/4/2004,IDEPT5109
IU320251,5/12/1989,19/8/2001,IDEPT7626
IU262292,8/5/1975,11/10/1999,IDEPT2357
IU339694,28/9/1991,1/3/2005,IDEPT1677
IU533955,16/8/1970,29/7/2001,IDEPT7783
IU516918,17/5/1980,13/1/2007,IDEPT5109
IU337123,2/12/1971,25/10/2009,IDEPT2425
IU528605,21/5/1977,25/3/2003,IDEPT2054
IU980189,11/5/1988,28/10/2001,IDEPT4055
IU518359,19/8/1986,24/5/2010,IDEPT1537
IU872566,15/3/1977,14/5/2004,IDEPT1677
IU163495,8/4/1972,1/4/2006,IDEPT4132
IU471619,22/3/1971,14/12/2000,IDEPT1388
IU627593,15/11/1976,1/7/2014,IDEPT1677
IU832906,14/8/1991,22/7/2002,IDEPT2601
IU814496,24/9/1986,4/7/2003,IDEPT5127
IU977874,14/1/1992,30/5/2003,IDEPT8379
IU726374,16/6/1985,14/3/2012,IDEPT5127
IU265303,21/6/1983,18/3/2006,IDEPT3778
IU223337,25/4/1980,18/4/2005,IDEPT4938
IU520521,6/9/1984,16/3/2009,IDEPT1378
IU528239,13/7/1991,11/2/2012,IDEPT5408
IU289913,11/10/1978,13/3/2007,IDEPT4132
IU991192,8/5/1993,23/12/2010,IDEPT2601
IU530916,21/1/1994,21/3/2004,IDEPT1423
IU330488,5/6/1982,3/9/2011,IDEPT4055
IU965862,21/4/1983,7/7/2006,IDEPT1615
IU675172,18/6/1985,21/9/2003,IDEPT7005
IU528851,5/10/1990,9/12/2000,IDEPT7005
IU973666,17/1/1976,9/11/2005,IDEPT1533
IU592455,14/8/1985,29/3/2007,IDEPT1825
IU764193,8/6/1988,21/12/2001,IDEPT8598
IU740074,29/10/1987,9/11/2013,IDEPT1677
IU862023,12/5/1973,10/2/2008,IDEPT5408
IU877564,24/6/1975,19/9/2013,IDEPT2054
IU329440,24/9/1970,10/3/2000,IDEPT5528
IU971589,27/1/1984,20/12/2009,IDEPT1825
IU927296,30/7/1987,21/11/2012,IDEPT5408
IU832084,5/5/1986,21/8/1999,IDEPT4670
IU810218,25/11/1970,20/12/2002,IDEPT3062
IU120978,21/9/1992,17/10/2006,IDEPT2054
IU167665,11/11/1976,7/9/2006,IDEPT1677
IU672768,1/12/1976,7/6/2001,IDEPT5408
IU991869,22/11/1990,29/6/2006,IDEPT3115
IU397520,1/4/1986,14/10/2004,IDEPT5127
IU996380,30/5/1987,29/7/2010,IDEPT8313
IU498691,16/3/1991,16/4/2000,IDEPT4055
IU433572,23/2/1973,26/4/2008,IDEPT1677
IU805446,1/10/1976,26/11/2004,IDEPT5528
IU893923,28/4/1981,12/2/2014,IDEPT1533
IU170453,26/1/1991,9/3/2012,IDEPT3868
IU280558,27/8/1992,23/3/2010,IDEPT3868
IU152086,13/4/1980,24/3/2003,IDEPT8598
IU767531,1/2/1980,1/10/2008,IDEPT1533
IU714639,15/1/1974,20/9/2007,IDEPT1825
IU803409,14/12/1987,19/4/2004,IDEPT1423
IU116135,10/1/1993,19/2/2002,IDEPT4055
IU401466,5/10/1975,3/2/2006,IDEPT2425
IU651719,3/11/1983,21/4/2002,IDEPT1537
IU322269,25/10/1980,19/8/2003,IDEPT4938
IU788355,9/4/1990,3/4/2013,IDEPT1537
IU745851,18/1/1976,21/10/2010,IDEPT3868
IU405429,16/4/1979,18/4/2001,IDEPT1388
IU416137,3/1/1990,24/5/2004,IDEPT7783
IU672206,20/1/1994,31/5/2002,IDEPT1537
IU809489,8/1/1982,1/8/2007,IDEPT1142
IU748262,28/6/1992,24/7/2010,IDEPT4132
IU173043,16/7/1977,5/11/2013,IDEPT2601
IU530057,6/5/1970,13/1/2002,IDEPT4670
IU834469,22/9/1976,11/7/2008,IDEPT1825
IU890155,19/12/1990,16/11/2002,IDEPT8313
IU476431,6/11/1975,23/12/2008,IDEPT4670
IU329506,24/4/1974,18/5/2004,IDEPT7783
IU593762,8/6/1992,19/3/2003,IDEPT4132
IU662779,10/6/1992,23/9/2000,IDEPT3115
IU574759,9/10/1984,16/11/2004,IDEPT2601
IU730631,27/10/1981,16/11/2000,IDEPT1378
IU437482,6/9/1978,8/3/2013,IDEPT2054
IU239453,9/7/1992,1/7/2000,IDEPT1423
IU615357,10/3/1990,28/12/2009,IDEPT3778
IU122113,14/11/1978,17/5/2014,IDEPT3062
IU374659,27/8/1974,5/6/2001,IDEPT1537
IU918128,4/10/1990,29/1/2010,IDEPT7783
IU985522,25/8/1989,19/5/2012,IDEPT5408
IU123206,8/3/1976,5/8/2011,IDEPT2357
IU681151,18/5/1972,22/3/2003,IDEPT1533
IU984266,23/9/1987,12/12/2002,IDEPT4670
IU241505,10/8/1972,1/10/2003,IDEPT2054
IU821602,24/8/1993,11/10/2009,IDEPT3062
IU420409,5/1/1978,11/9/2012,IDEPT1142
IU177348,20/12/1984,25/9/2013,IDEPT5127
IU232814,9/7/1977,13/8/2013,IDEPT7783
IU271787,15/7/1991,18/2/2010,IDEPT8598
IU887400,10/12/1979,4/10/2010,IDEPT2357
IU151161,30/12/1973,10/7/2008,IDEPT1388
IU400616,3/5/1992,5/10/1999,IDEPT1367
IU448523,24/2/1987,16/10/2005,IDEPT1615
IU201629,9/6/1983,6/7/2001,IDEPT8379
IU984907,9/4/1978,17/4/2000,IDEPT7005
IU624254,1/5/1977,15/7/2001,IDEPT1142
IU707322,29/6/1982,2/10/2007,IDEPT3062
IU660412,10/2/1984,3/2/2000,IDEPT3062
IU794124,28/8/1970,11/2/2007,IDEPT4132
IU253971,6/5/1979,11/1/2004,IDEPT3778
IU200572,16/1/1973,24/3/2000,IDEPT6347
IU150435,14/5/1975,26/6/2003,IDEPT8598
IU891757,29/1/1979,8/4/2003,IDEPT2054
IU961133,27/8/1990,28/9/1999,IDEPT1537
IU762876,24/10/1969,10/1/2003,IDEPT1388
IU603954,30/7/1970,18/2/2013,IDEPT1378
IU713337,28/11/1969,4/5/2011,IDEPT4670
IU953204,7/12/1983,14/7/2003,IDEPT4055
IU521061,14/6/1985,25/12/2012,IDEPT8313
IU627771,9/1/1972,12/8/2003,IDEPT2054
IU341894,17/2/1980,20/8/2002,IDEPT1677
IU586896,23/10/1970,24/3/2012,IDEPT1423
IU776330,14/1/1977,16/5/2002,IDEPT7005
IU890815,2/10/1977,6/9/2003,IDEPT1367
IU671826,5/6/1983,5/3/2014,IDEPT6347
IU791752,29/11/1970,6/6/2011,IDEPT6347
IU170358,25/6/1979,27/4/2006,IDEPT5127
IU654067,12/8/1992,22/11/2002,IDEPT2425
IU650118,21/7/1985,30/12/2004,IDEPT1388
IU843036,10/3/1993,7/6/2012,IDEPT5408
IU929942,13/2/1993,18/2/2008,IDEPT2357
IU517401,24/12/1975,1/6/2010,IDEPT1423
IU285869,24/4/1982,23/9/2007,IDEPT5528
IU619858,10/2/1991,26/1/2005,IDEPT1378
IU304401,18/9/1985,20/6/2004,IDEPT1825
IU116424,5/11/1975,22/4/2005,IDEPT1423
IU602103,29/8/1987,21/10/2000,IDEPT2054
IU317964,8/10/1975,24/3/2005,IDEPT7005
IU543375,28/1/1979,17/10/2011,IDEPT8313
IU555661,2/11/1982,11/6/2006,IDEPT2425
IU713736,6/8/1985,6/10/2010,IDEPT8313
IU673007,14/8/1973,10/9/2001,IDEPT8313
IU379853,23/8/1989,11/11/2012,IDEPT5408
IU444477,25/10/1969,27/9/2007,IDEPT7005
IU935219,26/8/1990,28/12/2002,IDEPT7626
IU964095,22/12/1984,19/11/2012,IDEPT3115
IU472107,11/5/1982,12/1/2003,IDEPT3062
IU399885,22/12/1986,24/8/2000,IDEPT1825
IU873858,11/6/1986,21/6/2000,IDEPT3778
IU578559,22/10/1992,22/1/2002,IDEPT1423
IU476264,29/4/1993,21/12/2006,IDEPT4132
IU906317,1/5/1985,7/11/2009,IDEPT5408
IU206494,21/6/1977,1/3/2008,IDEPT1677
IU613957,3/9/1970,4/7/2010,IDEPT1378
IU303373,12/9/1978,12/5/2003,IDEPT1825
IU910844,16/3/1983,29/11/2008,IDEPT1367
IU733295,2/9/1986,4/10/2007,IDEPT1423
IU359720,2/8/1989,13/2/2004,IDEPT7626
IU507081,29/9/1978,11/10/2000,IDEPT8379
IU250094,24/8/1987,8/3/2006,IDEPT5408
IU929775,22/6/1994,2/9/2009,IDEPT4670
IU617264,9/6/1974,9/4/2007,IDEPT8598
IU200457,1/5/1983,30/7/1999,IDEPT5127
IU980084,4/7/1976,22/1/2012,IDEPT7783
IU352515,2/12/1990,23/11/2002,IDEPT6347
IU623351,24/2/1981,26/7/2000,IDEPT7005
IU194684,28/10/1989,9/7/2007,IDEPT5127
IU998793,17/10/1969,14/3/2000,IDEPT2425
IU371068,9/9/1979,31/1/2007,IDEPT1378
IU552382,9/8/1975,2/11/2010,IDEPT7005
IU143787,30/8/1969,30/1/2007,IDEPT3868
IU909818,14/1/1971,9/5/2005,IDEPT3062
IU287527,18/5/1984,5/2/2002,IDEPT7626
IU613561,23/8/1977,17/11/2010,IDEPT3868
IU758488,21/4/1993,18/5/2001,IDEPT8379
IU585322,12/8/1990,25/8/1999,IDEPT2054
IU242030,8/6/1970,20/5/2010,IDEPT8313
IU730124,4/1/1978,26/10/2011,IDEPT2357
IU862686,28/7/1980,23/9/2006,IDEPT8598
IU931024,10/1/1984,26/10/2012,IDEPT1388
IU683803,26/11/1971,12/3/2011,IDEPT1677
IU616328,17/3/1973,28/3/2010,IDEPT1378
IU510723,9/9/1980,6/5/2001,IDEPT8313
IU553615,21/11/1977,22/5/2014,IDEPT3778
IU114836,24/3/1985,23/9/2007,IDEPT2601
IU867116,21/9/1978,27/2/2000,IDEPT2054
IU935818,29/11/1980,21/12/2009,IDEPT2601
IU317917,12/2/1973,26/4/2006,IDEPT4132
IU556938,26/10/1982,6/10/2003,IDEPT5109
IU744313,12/10/1986,24/6/2009,IDEPT7626
IU849114,17/4/1993,1/11/2010,IDEPT3062
IU625000,29/11/1987,17/12/2009,IDEPT1367
IU919255,2/4/1986,22/10/2010,IDEPT4055
IU486083,11/10/1981,16/3/2001,IDEPT4055
IU219101,16/3/1992,19/6/2005,IDEPT1825
IU697995,27/9/1979,12/12/1999,IDEPT1537
IU826801,27/10/1982,24/8/2010,IDEPT5528
IU234435,22/4/1976,9/3/2013,IDEPT1537
IU413103,30/7/1983,26/6/2012,IDEPT1825
IU168378,28/10/1990,14/3/2007,IDEPT3062
IU808018,25/12/1987,19/7/2003,IDEPT7783
IU377229,10/9/1984,8/5/2010,IDEPT1537
IU570965,7/10/1975,10/2/2004,IDEPT1423
IU875236,4/3/1977,21/2/2010,IDEPT3115
IU823846,16/6/1985,6/4/2011,IDEPT7005
IU369141,15/11/1989,26/4/2014,IDEPT4670
IU336214,5/6/1991,4/1/2005,IDEPT4670
IU752472,20/4/1977,4/1/2011,IDEPT5881
IU964058,20/2/1984,2/2/2006,IDEPT1677
IU653069,4/9/1983,13/1/2001,IDEPT2425
IU274479,21/3/1979,26/8/2013,IDEPT1423
IU359728,28/6/1980,27/1/2003,IDEPT4938
IU470744,1/11/1977,25/3/2012,IDEPT1142
IU612475,22/2/1989,25/10/2013,IDEPT4132
IU590434,7/3/1988,18/10/2003,IDEPT2054
IU907621,10/9/1983,30/4/2002,IDEPT2357
IU816094,1/12/1983,3/1/2004,IDEPT3062
IU301584,18/2/1988,1/11/2003,IDEPT7626
IU400785,17/7/1978,11/5/2000,IDEPT7005
IU701574,25/2/1972,5/6/2013,IDEPT8379
IU348623,21/7/1971,20/5/2002,IDEPT1825
IU805948,23/9/1991,25/4/2000,IDEPT1825
IU436324,17/1/1994,6/3/2010,IDEPT5408
IU647516,18/11/1984,8/9/2000,IDEPT1367
IU543975,18/1/1971,30/12/2006,IDEPT7005
IU378028,2/7/1973,21/12/2005,IDEPT4938
IU824346,16/1/1979,14/2/2014,IDEPT3115
IU869235,31/10/1969,22/3/2002,IDEPT5109
IU566285,21/2/1985,27/9/2004,IDEPT2357
IU251361,22/4/1979,30/7/2012,IDEPT8598
IU790540,24/10/1974,24/9/2007,IDEPT3778
IU207673,6/5/1989,20/1/2011,IDEPT5528
IU877680,18/8/1982,13/2/2007,IDEPT4132
IU749422,4/11/1980,9/9/2007,IDEPT1367
IU245300,17/10/1983,13/4/2002,IDEPT5127
IU476083,18/5/1976,23/3/2005,IDEPT7783
IU866402,19/5/1972,16/5/2013,IDEPT3868
IU879726,19/4/1977,8/7/2002,IDEPT1533
IU572615,4/1/1986,29/10/2010,IDEPT1142
IU529594,6/2/1976,5/12/2004,IDEPT4670
IU602409,2/6/1975,14/5/2011,IDEPT4132
IU528393,25/1/1979,17/6/2013,IDEPT1388
IU915290,28/5/1987,6/1/2001,IDEPT3778
IU617258,22/8/1974,26/11/2001,IDEPT1537
IU440707,27/2/1993,15/2/2006,IDEPT5109
IU112687,18/6/1982,3/9/2012,IDEPT5127
IU479810,12/2/1992,14/11/2003,IDEPT8379
IU303187,7/10/1972,23/10/1999,IDEPT2357
IU242313,8/3/1976,11/6/2012,IDEPT2054
IU531414,18/9/1993,24/3/2009,IDEPT4055
IU227668,20/2/1985,8/11/2005,IDEPT8598
IU528779,13/6/1985,6/11/1999,IDEPT3062
IU874473,6/2/1984,15/11/1999,IDEPT7783
IU800953,17/9/1970,5/12/2002,IDEPT1677
